instant_book,rating_checkin,person_capacity,rating_value,is_superhost,amenities,rev_count,cancel_policy,price,nightly_price,rating_cleanliness,host_id,response_time,bed_type,accuracy_rating,rating_communication,satisfaction_guest,hosting_id,url,rating_location,response_rate,room_type
False,10,3,10,False,"[1, 2, 3, 4, 5, 6, 7, 8, 9, 14, 15, 21, 25, 28, 30, 31, 33, 34, 35, 38, 39, 40, 41, 43, 44, 45, 46, 47, 51, 55, 57]",22,5,57.68879459263699,R$180,10,83328340,219.0,Real Bed,10,10,100,15583805,https://www.airbnb.com.br/rooms/15583805,10,1.0,Entire home/apt
True,10,4,10,True,"[1, 3, 4, 6, 8, 9, 11, 12, 14, 21, 28, 33, 39, 40, 42, 43, 44, 46, 49, 50]",95,3,24.99847765680936,R$78,10,15519625,143.0,Real Bed,10,10,98,3048322,https://www.airbnb.com.br/rooms/3048322,10,1.0,Private room
True,10,1,10,False,"[1, 3, 4, 8, 14, 21, 28, 33, 40, 41, 42, 44, 45, 46, 47, 49, 50]",2,5,14.422198648159247,R$45,10,92687767,3262.0,Real Bed,10,10,100,16398605,https://www.airbnb.com.br/rooms/16398605,10,1.0,Private room
False,,2,,False,"[3, 4, 8, 11, 12, 21, 33, 40, 44, 45, 46, 47, 49, 50, 51, 55]",0,3,10.0,R$31,,41868811,858.0,Real Bed,,,,18021011,https://www.airbnb.com.br/rooms/18021011,,1.0,Private room
False,10,2,9,False,"[1, 2, 3, 4, 8, 30, 33, 40, 42, 44, 45, 46, 47, 49, 50]",3,5,28.844397296318494,R$90,9,12808294,8068.5,Real Bed,10,10,93,16518722,https://www.airbnb.com.br/rooms/16518722,10,1.0,Entire home/apt
True,,4,,False,"[1, 3, 4, 5, 6, 8, 9, 31, 32, 33, 40]",0,4,20.191078107422946,R$63,,120734058,685.5,Real Bed,,,,17713501,https://www.airbnb.com.br/rooms/17713501,,1.0,Entire home/apt
True,10,2,9,False,"[1, 3, 4, 5, 8, 21, 31, 33, 34, 35, 36, 39, 40, 41, 43, 44, 45, 46, 47, 51, 55]",40,5,28.844397296318494,R$90,9,43135969,364.0,Real Bed,10,10,93,9906099,https://www.airbnb.com.br/rooms/9906099,10,1.0,Entire home/apt
True,10,2,10,False,"[4, 8, 11, 12, 28, 30, 31, 32, 33, 37, 40, 42]",1,3,14.422198648159247,R$45,10,14227510,2257.0,Real Bed,10,10,100,17750489,https://www.airbnb.com.br/rooms/17750489,10,1.0,Private room
False,10,2,10,False,[11],1,3,19.229598197545663,R$60,10,117802239,928.0,Real Bed,10,10,60,17764113,https://www.airbnb.com.br/rooms/17764113,8,1.0,Entire home/apt
True,10,2,10,True,"[1, 3, 4, 5, 8, 12, 14, 17, 19, 21, 28, 33, 35, 37, 39, 40, 41, 44, 45, 46, 49, 50]",79,4,17.947624984375953,R$56,10,674228,0.0,Real Bed,10,10,97,137999,https://www.airbnb.com.br/rooms/137999,10,1.0,Private room
True,10,2,10,True,"[1, 3, 4, 5, 8, 9, 28, 30, 31, 35, 36, 40, 41, 42, 43, 44, 45, 46, 47, 50, 51, 53]",20,5,22.114037927177513,R$69,10,98442991,676.0,Real Bed,10,10,99,15392953,https://www.airbnb.com.br/rooms/15392953,9,1.0,Entire home/apt
True,10,2,10,False,"[1, 3, 4, 5, 6, 8, 9, 11, 17, 31, 33, 40, 41]",11,3,24.036997746932077,R$75,10,30554804,264.5,Real Bed,10,10,100,15096581,https://www.airbnb.com.br/rooms/15096581,10,1.0,Private room
True,10,3,10,True,"[1, 2, 3, 4, 5, 6, 7, 8, 9, 14, 15, 21, 25, 28, 30, 31, 32, 33, 34, 35, 36, 38, 39, 40, 41, 43, 44, 45, 46, 47, 57]",31,4,62.496194142023406,R$195,10,84790557,688.0,Real Bed,10,10,99,14093251,https://www.airbnb.com.br/rooms/14093251,10,1.0,Entire home/apt
True,10,3,10,False,"[1, 3, 4, 8, 21, 31, 33, 39, 40, 41, 50]",4,3,22.114037927177513,R$69,10,117638424,1775.0,Real Bed,10,10,100,17441149,https://www.airbnb.com.br/rooms/17441149,9,1.0,Entire home/apt
False,10,3,10,False,"[2, 4, 5, 7, 8, 9, 14, 21, 28, 31, 32, 39, 40, 43, 44, 45, 50]",34,5,31.72883702595034,R$99,9,52015663,814.0,Real Bed,10,10,89,11341506,https://www.airbnb.com.br/rooms/11341506,9,1.0,Entire home/apt
True,10,2,10,False,"[4, 6, 8, 12, 14, 21, 28, 31, 40, 41, 42, 45, 50, 51, 55]",8,3,14.101705344866819,R$44,10,71206835,1586.5,Real Bed,10,10,100,16415318,https://www.airbnb.com.br/rooms/16415318,10,1.0,Private room
True,10,3,10,False,"[8, 33, 35, 39, 40, 41, 42, 44, 45, 46, 47, 49, 50]",2,5,22.43453123046994,R$70,10,116816469,173.0,Real Bed,10,10,100,17310343,https://www.airbnb.com.br/rooms/17310343,10,1.0,Entire home/apt
True,10,1,10,True,"[1, 4, 5, 7, 8, 17, 18, 28, 32, 33, 34, 37, 39, 40, 42, 44, 46, 49, 50]",23,3,25.639464263394217,R$80,10,1170265,268.5,Pull-out Sofa,10,10,99,11069109,https://www.airbnb.com.br/rooms/11069109,10,1.0,Private room
instant_book,rating_checkin,person_capacity,rating_value,is_superhost,amenities,rev_count,cancel_policy,price,nightly_price,rating_cleanliness,host_id,response_time,bed_type,accuracy_rating,rating_communication,satisfaction_guest,hosting_id,url,rating_location,response_rate,room_type
True,10,2,10,False,"[1, 4, 5, 7, 8, 9, 11, 17, 18, 19, 27, 31, 32, 33, 40, 41, 42, 44, 45, 46, 47, 50]",20,4,19.229598197545663,R$60,10,4895567,559.0,Real Bed,10,10,96,15252919,https://www.airbnb.com.br/rooms/15252919,9,1.0,Private room
False,10,2,10,False,"[1, 4, 5, 8, 33, 34, 40, 41, 49, 50]",1,3,31.72883702595034,R$99,10,27768745,2035.0,Real Bed,10,10,100,5379664,https://www.airbnb.com.br/rooms/5379664,10,1.0,Entire home/apt
False,10,2,10,False,"[1, 2, 3, 4, 5, 7, 8, 9, 14, 15, 21, 28, 33, 34, 35, 36, 40, 41, 44, 45, 46, 47, 49, 50, 51, 53]",4,5,72.11099324079623,R$225,10,58644406,4800.0,Real Bed,10,10,100,11243623,https://www.airbnb.com.br/rooms/11243623,10,1.0,Entire home/apt
False,10,4,9,False,"[1, 2, 3, 4, 5, 6, 7, 8, 9, 14, 15, 21, 27, 28, 30, 31, 33, 35, 36, 39, 40, 41, 43, 44, 45, 46, 47]",32,4,72.11099324079623,R$225,10,18010075,26867.5,Real Bed,10,10,96,5173419,https://www.airbnb.com.br/rooms/5173419,10,1.0,Entire home/apt
True,10,12,10,False,"[1, 2, 3, 4, 5, 8, 16, 27, 32, 37, 40, 44, 46, 47, 49, 50]",14,4,12.819732131697108,R$40,9,16114162,31.0,Real Bed,10,10,93,14903043,https://www.airbnb.com.br/rooms/14903043,10,1.0,Shared room
False,10,3,9,False,"[1, 2, 3, 4, 5, 6, 7, 8, 9, 14, 15, 21, 28, 31, 33, 39, 40, 44, 46, 47, 50]",4,5,38.138703091798895,R$119,10,96273868,1841.0,Real Bed,10,10,95,15325484,https://www.airbnb.com.br/rooms/15325484,10,0.8999999761581421,Entire home/apt
True,,2,,False,"[1, 3, 4, 5, 8, 9, 33, 34, 40, 42, 44, 45, 46, 49, 50]",0,3,38.459196395091325,R$120,,59471387,5261.5,Real Bed,,,,17539681,https://www.airbnb.com.br/rooms/17539681,,1.0,Entire home/apt
True,10,1,10,False,"[4, 8, 33, 39, 40, 42, 44, 45, 46, 47, 49, 50]",1,3,20.8320647140078,R$65,10,111745125,17517.0,Real Bed,10,10,100,16805309,https://www.airbnb.com.br/rooms/16805309,10,1.0,Private room
False,10,3,9,False,"[1, 2, 3, 4, 5, 8, 9, 12, 14, 21, 28, 31, 33, 34, 35, 36, 37, 39, 40, 41, 44, 45, 46, 47]",6,5,48.07399549386415,R$150,10,885615,2788.0,Real Bed,9,10,97,184750,https://www.airbnb.com.br/rooms/184750,10,0.8999999761581421,Entire home/apt
True,,3,,False,"[1, 2, 3, 4, 5, 6, 7, 8, 9, 12, 14, 15, 21, 27, 28, 30, 31, 33, 34, 39, 40, 41, 45, 46]",0,4,16.66565177120624,R$52,,13645128,10931.5,Real Bed,,,,17515413,https://www.airbnb.com.br/rooms/17515413,,0.9380000233650208,Private room
True,9,1,9,False,"[1, 3, 4, 8, 14, 21, 28, 33, 40, 41, 42, 43, 44, 45, 46, 47, 49, 50]",12,5,11.21726561523497,R$35,10,92687767,3262.0,Pull-out Sofa,9,9,92,14823998,https://www.airbnb.com.br/rooms/14823998,9,1.0,Private room
False,10,4,10,False,"[1, 2, 3, 4, 5, 6, 7, 8, 9, 14, 15, 21, 28, 30, 31, 33, 34, 35, 36, 39, 40, 41, 42, 43, 44, 45, 46, 47, 51, 52, 57]",6,3,95.50700438114346,R$298,10,103668052,484.5,Real Bed,10,10,100,16027969,https://www.airbnb.com.br/rooms/16027969,10,1.0,Entire home/apt
False,9,4,9,False,"[1, 3, 4, 5, 7, 8, 9, 12, 15, 21, 31, 40]",6,5,60.57323432226884,R$189,10,76723475,223.5,Real Bed,10,10,92,13442254,https://www.airbnb.com.br/rooms/13442254,10,1.0,Entire home/apt
True,9,3,9,False,"[1, 6, 8, 11, 21, 28, 31, 33, 39, 40, 42, 44, 47]",7,5,22.43453123046994,R$70,10,99418380,2375.0,Real Bed,9,8,80,15701318,https://www.airbnb.com.br/rooms/15701318,9,0.984000027179718,Entire home/apt
True,10,2,10,False,"[1, 2, 3, 4, 5, 7, 8, 9, 14, 15, 16, 21, 28, 30, 31, 32, 33, 34, 35, 36, 40, 41, 43, 44, 45, 46, 47, 57]",31,3,67.30359369140982,R$210,10,70542971,420.0,Real Bed,10,10,99,12888120,https://www.airbnb.com.br/rooms/12888120,10,1.0,Entire home/apt
True,10,2,10,False,"[1, 2, 3, 4, 5, 8, 9, 14, 21, 28, 30, 33, 35, 39, 40, 42, 44, 45, 46, 47, 49, 50]",2,4,36.85672987862919,R$115,10,95416859,810.0,Real Bed,10,10,100,15080655,https://www.airbnb.com.br/rooms/15080655,10,1.0,Entire home/apt
True,10,4,10,True,"[1, 3, 4, 5, 6, 8, 9, 12, 21, 30, 31, 40, 43, 44, 45, 46, 47]",21,4,31.72883702595034,R$99,10,918518,3213.0,Real Bed,10,10,98,15344425,https://www.airbnb.com.br/rooms/15344425,10,1.0,Entire home/apt
False,10,2,10,False,"[2, 4, 5, 8, 30, 31, 33, 34, 40, 41, 44, 45, 46, 47]",6,3,27.241930779856354,R$85,10,19792962,722.5,Real Bed,10,10,100,16707679,https://www.airbnb.com.br/rooms/16707679,10,1.0,Private room
False,10,2,10,True,"[1, 4, 5, 8, 30, 33, 34, 40, 41, 49, 50]",17,4,32.04933032924277,R$100,10,6155259,1611.0,Real Bed,10,10,100,11419799,https://www.airbnb.com.br/rooms/11419799,10,1.0,Entire home/apt
True,,4,,False,"[1, 3, 4, 5, 6, 8, 9, 31, 32, 33, 40]",0,4,20.191078107422946,R$63,,120734058,685.5,Real Bed,,,,17713501,https://www.airbnb.com.br/rooms/17713501,,1.0,Entire home/apt
True,10,4,10,False,"[1, 4, 5, 8, 28, 33, 39, 40, 41, 44, 45, 46]",20,3,27.241930779856354,R$85,10,96734927,2101.0,Real Bed,10,10,97,15221834,https://www.airbnb.com.br/rooms/15221834,10,1.0,Entire home/apt
False,10,2,9,False,"[1, 2, 3, 4, 8, 30, 33, 40, 42, 44, 45, 46, 47, 49, 50]",3,5,28.844397296318494,R$90,9,12808294,8068.5,Real Bed,10,10,93,16518722,https://www.airbnb.com.br/rooms/16518722,10,1.0,Entire home/apt
True,10,1,10,False,"[1, 3, 4, 8, 14, 21, 28, 33, 40, 41, 42, 44, 45, 46, 47, 49, 50]",2,5,14.422198648159247,R$45,10,92687767,3262.0,Real Bed,10,10,100,16398605,https://www.airbnb.com.br/rooms/16398605,10,1.0,Private room
True,10,3,10,False,"[1, 3, 4, 8, 21, 31, 33, 39, 40, 41, 50]",4,3,22.114037927177513,R$69,10,117638424,1775.0,Real Bed,10,10,100,17441149,https://www.airbnb.com.br/rooms/17441149,9,1.0,Entire home/apt
True,10,2,10,False,"[1, 2, 3, 4, 5, 7, 8, 9, 11, 12, 14, 17, 19, 21, 27, 28, 40, 45, 47, 51, 55, 57]",2,3,64.09866065848554,R$200,10,93158687,1807.5,Real Bed,10,10,100,17265137,https://www.airbnb.com.br/rooms/17265137,10,1.0,Entire home/apt
True,10,4,9,False,"[1, 2, 3, 4, 8, 11, 28, 31, 33, 34, 37, 39, 41, 43, 44, 45, 46, 47, 50]",55,5,31.72883702595034,R$99,10,44386329,6846.0,Real Bed,9,10,92,9530813,https://www.airbnb.com.br/rooms/9530813,9,1.0,Entire home/apt
True,10,2,10,False,"[4, 8, 11, 12, 28, 30, 31, 32, 33, 37, 40, 42]",1,3,14.422198648159247,R$45,10,14227510,,Real Bed,10,10,100,17750489,https://www.airbnb.com.br/rooms/17750489,10,,Private room
True,10,1,10,False,"[1, 3, 4, 8, 33, 39, 40, 44, 46, 47, 49, 50]",3,3,11.858252221819825,R$37,9,47527499,,Real Bed,9,10,100,16585682,https://www.airbnb.com.br/rooms/16585682,10,,Private room
True,10,2,10,True,"[1, 3, 4, 5, 8, 9, 28, 30, 31, 35, 36, 40, 41, 42, 43, 44, 45, 46, 47, 50, 51, 53]",20,5,22.114037927177513,R$69,10,98442991,676.0,Real Bed,10,10,99,15392953,https://www.airbnb.com.br/rooms/15392953,9,1.0,Entire home/apt
True,10,2,10,False,"[1, 4, 5, 8, 21, 31, 33, 39, 40, 42, 44, 47]",4,4,32.04933032924277,R$100,9,99418380,,Real Bed,10,10,100,15700799,https://www.airbnb.com.br/rooms/15700799,10,,Entire home/apt
True,10,2,10,False,"[1, 2, 3, 4, 5, 14, 21, 30, 39, 40, 41, 43, 44, 47, 49, 50, 57]",8,3,29.485383902903347,R$92,10,106842217,173.0,Real Bed,10,10,100,16324340,https://www.airbnb.com.br/rooms/16324340,10,1.0,Private room
True,10,3,10,False,"[1, 4, 5, 8, 21, 33, 40, 49, 50]",13,5,33.33130354241248,R$104,10,85938796,183.5,Pull-out Sofa,10,10,94,14183435,https://www.airbnb.com.br/rooms/14183435,9,1.0,Entire home/apt
False,10,2,10,False,"[1, 3, 4, 5, 8, 14, 17, 21, 27, 28, 31, 33, 34, 39, 40, 43, 44, 45, 46, 47, 50]",8,4,24.036997746932077,R$75,10,22690346,1741.5,Real Bed,10,10,100,14320805,https://www.airbnb.com.br/rooms/14320805,10,1.0,Private room
True,10,4,10,False,"[1, 2, 3, 4, 6, 8, 14, 21, 25, 28, 30, 34, 35, 36, 37, 39, 40, 42, 43, 44, 45, 46, 47, 49]",16,5,10.576279008650115,R$33,10,62264433,,Real Bed,10,10,99,14381373,https://www.airbnb.com.br/rooms/14381373,10,,Private room
False,10,2,10,False,"[1, 3, 4, 5, 30, 40, 41, 44, 45, 47, 49, 50]",1,5,14.422198648159247,R$45,10,22626121,,Real Bed,10,10,100,17639477,https://www.airbnb.com.br/rooms/17639477,10,,Entire home/apt
False,10,2,10,False,"[1, 2, 3, 4, 8, 14, 21, 28, 31, 40, 43, 44, 46]",10,3,20.191078107422946,R$63,10,16107692,9667.0,Real Bed,10,10,100,11622542,https://www.airbnb.com.br/rooms/11622542,10,1.0,Entire home/apt
True,10,4,9,False,"[1, 3, 4, 5, 8, 9, 11, 12, 31, 33, 39, 40, 44, 45, 46, 47]",65,5,31.408343722657914,R$98,9,12353060,,Real Bed,9,10,92,2417054,https://www.airbnb.com.br/rooms/2417054,10,,Entire home/apt
True,10,3,10,False,"[1, 3, 4, 6, 8, 11, 12, 28, 31, 39, 40, 41, 44]",2,4,16.66565177120624,R$52,10,116914106,496.0,Real Bed,10,10,100,17333479,https://www.airbnb.com.br/rooms/17333479,10,1.0,Entire home/apt
True,10,2,10,False,"[3, 4, 8, 31, 40, 42, 46]",7,5,23.71650444363965,R$74,9,39615671,,Real Bed,10,10,86,15368289,https://www.airbnb.com.br/rooms/15368289,10,,Entire home/apt
False,10,2,9,True,"[1, 3, 4, 5, 8, 11, 14, 21, 30, 33, 37, 38, 39, 40, 41, 44, 45, 46, 47, 57]",27,5,31.087850419365488,R$97,10,3793089,475.5,Real Bed,10,10,96,2447415,https://www.airbnb.com.br/rooms/2447415,10,1.0,Entire home/apt
True,10,3,10,True,"[1, 2, 3, 4, 5, 8, 9, 14, 28, 30, 33, 35, 36, 37, 39, 40, 41, 43, 44, 45, 46, 47, 49, 50]",14,5,44.228075854355026,R$138,10,2099711,1720.0,Real Bed,10,10,100,7776275,https://www.airbnb.com.br/rooms/7776275,10,1.0,Entire home/apt
True,10,1,10,False,"[1, 3, 4, 8, 14, 17, 18, 21, 28, 33, 34, 40, 42, 43, 44, 45, 47, 49]",21,5,11.858252221819825,R$37,10,43764371,408.5,Real Bed,10,10,93,9272673,https://www.airbnb.com.br/rooms/9272673,10,1.0,Private room
True,,2,,False,"[4, 8, 14, 21, 33, 40, 44, 46, 49, 50]",0,5,14.422198648159247,R$45,,111740482,226.0,Real Bed,,,,17022789,https://www.airbnb.com.br/rooms/17022789,,0.8180000185966492,Entire home/apt
True,10,2,10,False,"[1, 3, 4, 6, 8, 12, 14, 21, 28, 31, 33, 35, 36, 39, 40, 41, 42, 43, 44, 45, 46, 47]",16,5,15.704171861328957,R$49,8,9823513,1284.5,Real Bed,10,10,93,2026311,https://www.airbnb.com.br/rooms/2026311,10,1.0,Private room
False,10,3,10,False,"[1, 3, 4, 5, 8, 9, 12, 16, 21, 30, 31, 33, 34, 39, 40, 42, 44, 46, 47]",1,4,51.278928526788434,R$160,10,64469154,3483.5,Real Bed,10,10,100,17679015,https://www.airbnb.com.br/rooms/17679015,10,1.0,Entire home/apt
True,10,2,10,False,"[1, 2, 3, 4, 5, 7, 8, 9, 14, 15, 21, 25, 28, 31, 32, 33, 34, 39, 40, 44, 45, 47, 49, 50]",3,5,62.496194142023406,R$195,10,28474790,15786.5,Real Bed,10,10,100,7377739,https://www.airbnb.com.br/rooms/7377739,10,1.0,Entire home/apt
False,10,2,9,False,"[1, 3, 4, 5, 8, 11, 21, 30, 33, 40, 41, 43, 44, 45, 46, 47, 49, 50]",5,4,35.254263362167045,R$110,10,2650875,1101.0,Real Bed,10,10,100,16551302,https://www.airbnb.com.br/rooms/16551302,10,1.0,Entire home/apt
False,10,2,10,False,"[1, 4, 5, 8, 28, 33, 39, 40, 41, 42, 43, 44, 45, 46, 49]",9,4,22.43453123046994,R$70,10,105308248,1172.0,Real Bed,10,10,100,16140235,https://www.airbnb.com.br/rooms/16140235,10,1.0,Private room
True,10,4,9,False,"[1, 4, 5, 8, 9, 11, 12, 21, 28, 30, 31, 40, 44, 46]",6,3,25.31897096010179,R$79,9,108281381,857.0,Real Bed,9,10,88,16982617,https://www.airbnb.com.br/rooms/16982617,9,1.0,Private room
False,10,4,8,False,"[1, 5, 6, 8, 14, 21, 31, 33, 39, 40, 42, 44, 45, 46, 47, 67, 73]",1,3,25.639464263394217,R$80,10,108179829,5001.0,Real Bed,10,10,100,16963929,https://www.airbnb.com.br/rooms/16963929,10,1.0,Entire home/apt
True,10,3,10,False,"[1, 5, 8, 11, 31, 40, 41]",9,5,24.036997746932077,R$75,9,101603381,399.0,Real Bed,10,10,98,16024270,https://www.airbnb.com.br/rooms/16024270,10,0.9409999847412109,Entire home/apt
True,,1,,False,"[1, 4, 5, 16, 21, 31, 35, 38, 39, 40, 42, 44, 45, 47]",0,3,38.459196395091325,R$120,,54402339,,Real Bed,,,,17919380,https://www.airbnb.com.br/rooms/17919380,,,Private room
False,10,1,10,False,"[1, 3, 4, 8, 14, 17, 21, 28, 31, 33, 34, 38, 39, 40, 41, 44, 45, 46, 47, 50]",2,4,14.422198648159247,R$45,10,105850882,2792.5,Real Bed,9,10,100,16205093,https://www.airbnb.com.br/rooms/16205093,10,1.0,Private room
False,10,4,10,False,"[1, 2, 3, 4, 5, 8, 11, 21, 28, 31, 33, 40, 42, 44, 45, 46, 47]",7,3,48.07399549386415,R$150,9,74787419,7528.5,Real Bed,10,10,97,15022884,https://www.airbnb.com.br/rooms/15022884,10,0.8999999761581421,Entire home/apt
True,,2,,False,"[1, 4, 5, 12, 16, 30, 31, 40, 45, 46, 47, 50]",0,3,48.07399549386415,R$150,,122071142,1.0,Real Bed,,,,17878546,https://www.airbnb.com.br/rooms/17878546,,1.0,Private room
True,10,2,10,False,"[1, 2, 3, 4, 5, 8, 9, 11, 21, 27, 28, 30, 31, 40, 42, 44, 45, 46, 47, 50]",2,5,63.77816735519311,R$199,10,21916914,4545.0,Real Bed,10,10,100,17154673,https://www.airbnb.com.br/rooms/17154673,10,1.0,Entire home/apt
True,,1,,False,"[1, 4, 8, 33, 39, 40, 42, 44, 45, 46, 47, 49, 50]",1,4,16.66565177120624,R$52,,92642037,13850.5,Real Bed,,,80,15437380,https://www.airbnb.com.br/rooms/15437380,,1.0,Private room
True,10,2,9,False,"[1, 3, 4, 5, 6, 7, 8, 9, 12, 15, 21, 31, 33, 34, 39, 40, 41, 42, 44, 47, 50, 51, 55]",4,3,28.844397296318494,R$90,10,82509664,8025.0,Real Bed,10,10,93,13910962,https://www.airbnb.com.br/rooms/13910962,9,0.9229999780654907,Entire home/apt
False,10,5,10,False,"[1, 2, 3, 4, 5, 6, 7, 8, 9, 12, 14, 21, 28, 30, 31, 33, 34, 40, 43, 44, 45, 46, 47, 51, 55]",7,3,41.6641294280156,R$130,10,108717262,2521.5,Real Bed,10,10,100,16529738,https://www.airbnb.com.br/rooms/16529738,10,1.0,Entire home/apt
True,10,1,8,False,"[4, 8, 12, 14, 17, 19, 21, 33, 40, 44, 45, 47, 49]",1,3,19.229598197545663,R$60,10,101519068,678.0,Real Bed,10,10,100,17340427,https://www.airbnb.com.br/rooms/17340427,10,1.0,Private room
True,10,6,9,False,"[1, 3, 4, 5, 8, 9, 14, 21, 31, 33, 40]",43,4,54.48386155971271,R$170,10,40427163,4138.0,Real Bed,10,10,97,7697271,https://www.airbnb.com.br/rooms/7697271,9,1.0,Entire home/apt
False,9,2,10,False,"[1, 2, 4, 5, 8, 11, 12, 14, 21, 28, 30, 31, 40, 50]",5,5,28.844397296318494,R$90,9,103826055,751.0,Real Bed,9,9,88,15980792,https://www.airbnb.com.br/rooms/15980792,10,1.0,Entire home/apt
True,10,2,10,False,"[1, 4, 5, 8, 11, 33, 42, 43, 44, 47, 49, 50]",12,3,12.819732131697108,R$40,10,17523788,4531.5,Real Bed,10,10,98,7160872,https://www.airbnb.com.br/rooms/7160872,10,1.0,Private room
True,10,3,10,False,"[1, 3, 4, 5, 8, 11, 16, 21, 30, 33, 34, 39, 41, 49, 50]",2,3,19.229598197545663,R$60,10,51839309,,Real Bed,10,10,100,15708416,https://www.airbnb.com.br/rooms/15708416,10,,Private room
False,10,2,10,True,"[1, 2, 3, 4, 5, 8, 9, 14, 21, 31, 33, 34, 40, 41, 43, 44, 45, 46, 47]",12,5,35.254263362167045,R$110,10,3984237,19630.0,Real Bed,10,10,98,7491523,https://www.airbnb.com.br/rooms/7491523,10,1.0,Entire home/apt
True,10,3,9,False,"[1, 2, 3, 4, 5, 8, 12, 14, 21, 28, 31, 33, 34, 40, 41, 43, 44, 46, 47]",62,3,32.04933032924277,R$100,9,21613038,204.5,Real Bed,10,10,90,7826436,https://www.airbnb.com.br/rooms/7826436,9,0.9580000042915344,Entire home/apt
True,10,2,10,False,"[49, 50]",1,3,38.459196395091325,R$120,8,108555101,392.5,Real Bed,10,10,100,17545034,https://www.airbnb.com.br/rooms/17545034,10,1.0,Entire home/apt
False,9,4,9,False,"[1, 2, 3, 4, 5, 8, 9, 12, 14, 15, 21, 28, 31, 34, 39, 40, 46, 47, 49, 51, 55]",30,5,31.408343722657914,R$98,9,38977548,8876.0,Real Bed,10,9,91,7440101,https://www.airbnb.com.br/rooms/7440101,9,0.9639999866485596,Entire home/apt
True,10,2,10,False,"[1, 4, 5, 8, 21, 28, 31, 33, 34, 39, 40, 42, 43, 44]",13,4,38.459196395091325,R$120,10,99418380,2375.0,Real Bed,10,10,97,15484503,https://www.airbnb.com.br/rooms/15484503,10,0.984000027179718,Entire home/apt
True,10,2,10,False,"[1, 2, 3, 4, 5, 6, 8, 21, 28, 31, 33, 34, 39, 40, 44, 47]",2,4,32.04933032924277,R$100,10,99418380,2375.0,Real Bed,10,10,90,16028489,https://www.airbnb.com.br/rooms/16028489,10,0.984000027179718,Entire home/apt
False,10,2,9,False,"[1, 2, 3, 4, 5, 6, 7, 8, 14, 21, 28, 31, 39, 40, 44]",4,4,24.036997746932077,R$75,8,52015663,814.0,Real Bed,10,10,80,11341458,https://www.airbnb.com.br/rooms/11341458,9,1.0,Entire home/apt
True,10,2,10,True,"[1, 2, 3, 4, 5, 7, 8, 28, 32, 33, 34, 37, 39, 40, 44, 45, 46, 47, 50]",15,3,31.408343722657914,R$98,10,1170265,268.5,Pull-out Sofa,10,10,97,9836612,https://www.airbnb.com.br/rooms/9836612,10,1.0,Private room
True,8,2,10,False,"[1, 4, 5, 8, 21, 31, 33, 34, 39, 40, 42, 44, 47]",2,4,32.04933032924277,R$100,10,99418380,2375.0,Real Bed,10,10,100,16069903,https://www.airbnb.com.br/rooms/16069903,10,0.984000027179718,Entire home/apt
True,10,3,10,True,"[3, 4, 8, 9, 14, 28, 30, 37, 39, 40, 41, 43, 44, 47, 49, 50]",1,5,31.72883702595034,R$99,10,2099711,1720.0,Real Bed,10,10,100,15567290,https://www.airbnb.com.br/rooms/15567290,6,1.0,Entire home/apt
True,10,2,10,False,"[1, 3, 4, 8, 12, 14, 17, 18, 21, 28, 31, 33, 34, 39, 40, 42, 43, 44, 45, 47, 50]",27,5,14.422198648159247,R$45,10,43764371,408.5,Real Bed,10,10,95,10722372,https://www.airbnb.com.br/rooms/10722372,9,1.0,Private room
True,,2,,False,"[1, 5, 6, 8, 14, 21, 31, 33, 37, 39, 40, 42, 44, 45, 46, 56, 67, 73]",0,3,12.819732131697108,R$40,,108179829,5001.0,Real Bed,,,,17857502,https://www.airbnb.com.br/rooms/17857502,,1.0,Private room
True,10,2,10,True,"[1, 2, 3, 4, 5, 8, 9, 11, 28, 31, 32, 33, 37, 38, 39, 40, 41, 43, 44, 45, 46, 47]",10,3,20.0,R$62,10,71451573,134.0,Real Bed,10,10,100,15921964,https://www.airbnb.com.br/rooms/15921964,10,1.0,Private room
True,10,2,10,False,"[1, 3, 4, 5, 8, 9, 11, 17, 31, 33, 40, 41]",13,3,19.229598197545663,R$60,10,30554804,264.5,Real Bed,10,10,100,16271759,https://www.airbnb.com.br/rooms/16271759,10,1.0,Private room
True,10,1,10,True,"[1, 3, 4, 5, 7, 8, 17, 18, 28, 32, 33, 34, 37, 39, 40, 43, 44, 45, 46, 47]",59,3,25.639464263394217,R$80,10,1170265,268.5,Pull-out Sofa,10,10,99,7499262,https://www.airbnb.com.br/rooms/7499262,10,1.0,Private room
True,,2,,True,"[1, 3, 4, 5, 8, 28, 30, 31, 35, 36, 37, 38, 39, 40, 41, 44, 45, 46, 47, 50, 51, 53]",0,5,25.31897096010179,R$79,,98442991,676.0,Real Bed,,,,17648035,https://www.airbnb.com.br/rooms/17648035,,1.0,Entire home/apt
True,10,2,9,False,"[1, 4, 5, 8, 21, 28, 31, 33, 34, 40, 42, 43, 44, 47]",12,4,35.254263362167045,R$110,9,99418380,2375.0,Real Bed,10,10,95,15559073,https://www.airbnb.com.br/rooms/15559073,10,0.984000027179718,Entire home/apt
False,10,3,10,False,"[2, 4, 5, 7, 8, 9, 14, 21, 28, 31, 32, 39, 40, 43, 44, 45, 50]",34,5,31.72883702595034,R$99,9,52015663,814.0,Real Bed,10,10,89,11341506,https://www.airbnb.com.br/rooms/11341506,9,1.0,Entire home/apt
True,10,2,10,False,"[3, 4, 5, 7, 8, 9, 17, 18, 19, 27, 31, 32, 33, 40, 41, 45, 46, 47, 50]",3,4,16.024665164621386,R$50,10,45157464,1825.0,Real Bed,10,10,100,15649667,https://www.airbnb.com.br/rooms/15649667,9,0.968999981880188,Private room
True,10,3,9,False,"[2, 3, 4, 5, 6, 7, 8, 9, 12, 14, 15, 17, 18, 19, 20, 21, 25, 28, 30, 31, 32, 33, 39, 41, 44, 45, 57]",5,3,40.06166291155346,R$125,10,45038574,1539.0,Real Bed,9,10,95,8565874,https://www.airbnb.com.br/rooms/8565874,10,1.0,Entire home/apt
True,9,2,9,False,"[2, 4, 8, 40, 44, 45, 46, 47, 49, 50]",27,5,19.229598197545663,R$60,9,11033756,555.5,Real Bed,9,10,90,2165049,https://www.airbnb.com.br/rooms/2165049,10,1.0,Entire home/apt
False,10,2,9,False,"[1, 4, 8, 11, 16, 33, 40, 47, 49, 50]",7,3,12.819732131697108,R$40,9,105005250,50721.5,Real Bed,10,10,94,16106565,https://www.airbnb.com.br/rooms/16106565,10,0.800000011920929,Private room
False,10,3,9,False,"[1, 3, 4, 5, 8, 9, 14, 21, 28, 33, 34, 39, 40, 43, 44, 45, 46, 47, 49, 50, 51, 55]",11,4,31.72883702595034,R$99,10,36558418,1439.0,Real Bed,10,10,93,6972352,https://www.airbnb.com.br/rooms/6972352,10,1.0,Entire home/apt
True,,2,,False,"[3, 4, 5, 8, 11, 12, 14, 21, 28, 31, 40, 43, 47, 51, 55]",0,4,25.639464263394217,R$80,,7687441,,Pull-out Sofa,,,,10801214,https://www.airbnb.com.br/rooms/10801214,,,Entire home/apt
True,10,3,9,True,"[1, 2, 3, 4, 5, 8, 9, 14, 28, 30, 31, 33, 35, 36, 37, 39, 40, 41, 43, 44, 45, 46, 47]",28,5,44.54856915764745,R$139,10,2099711,1720.0,Real Bed,10,10,99,2545519,https://www.airbnb.com.br/rooms/2545519,10,1.0,Entire home/apt
False,10,2,10,False,"[1, 4, 5, 8, 12, 21, 28, 31, 41, 44]",39,4,35.254263362167045,R$110,10,4830873,6544.0,Real Bed,10,10,98,903633,https://www.airbnb.com.br/rooms/903633,10,1.0,Entire home/apt
True,,3,,False,"[1, 4, 5, 8, 9, 31, 33, 40, 44, 46, 47, 50]",0,4,48.07399549386415,R$150,,14895590,,Real Bed,,,,17893216,https://www.airbnb.com.br/rooms/17893216,,,Entire home/apt
False,10,4,9,True,"[1, 3, 4, 5, 6, 7, 8, 9, 15, 21, 30, 31, 33, 34, 35, 36, 39, 40, 41, 43, 44, 45, 46, 47, 51, 55]",10,5,49.35596870703387,R$154,10,12663131,5943.0,Real Bed,10,10,100,12786549,https://www.airbnb.com.br/rooms/12786549,9,1.0,Entire home/apt
True,,2,,False,"[3, 4, 5, 8, 11, 21, 40, 49, 50]",0,3,48.07399549386415,R$150,,37138349,669.0,Real Bed,,,,17598177,https://www.airbnb.com.br/rooms/17598177,,1.0,Entire home/apt
False,10,2,10,False,"[1, 3, 4, 8, 11, 16, 17, 19, 28, 33, 37, 39, 40, 41, 43, 44, 46, 47, 49, 50]",2,3,16.024665164621386,R$50,10,53833459,826.5,Real Bed,10,10,100,16718697,https://www.airbnb.com.br/rooms/16718697,10,1.0,Private room
True,,2,,False,"[1, 5, 8, 9, 11, 12, 21, 33, 34, 40, 44, 46, 47, 49, 50]",0,3,25.639464263394217,R$80,,21605833,6449.5,Real Bed,,,,15678135,https://www.airbnb.com.br/rooms/15678135,,0.875,Entire home/apt
False,10,3,10,False,"[1, 5, 8, 9, 14, 21, 31, 33, 34, 40, 44, 46, 47]",3,4,24.0,R$75,10,107550535,9768.0,Real Bed,10,10,100,16413127,https://www.airbnb.com.br/rooms/16413127,10,1.0,Entire home/apt
False,10,3,9,True,"[1, 2, 3, 4, 5, 6, 8, 9, 21, 28, 31, 33, 34, 35, 36, 40, 41, 43, 44, 45, 46, 47]",43,4,28.844397296318494,R$90,9,13356482,4438.5,Real Bed,10,10,97,10436650,https://www.airbnb.com.br/rooms/10436650,9,0.800000011920929,Entire home/apt
True,,3,,False,"[4, 8, 39, 40, 49, 50]",0,3,12.819732131697108,R$40,,106360232,475.0,Real Bed,,,,17171768,https://www.airbnb.com.br/rooms/17171768,,1.0,Shared room
True,10,4,10,True,"[1, 2, 3, 4, 5, 8, 9, 31, 33, 40, 41, 44, 46, 50]",13,5,33.010810239120055,R$103,10,24418089,2101.0,Real Bed,10,10,97,10875109,https://www.airbnb.com.br/rooms/10875109,10,1.0,Entire home/apt
False,10,2,10,False,"[1, 2, 3, 4, 7, 8, 12, 14, 15, 17, 18, 21, 28, 30, 33, 34, 40, 41, 42, 44, 45, 46, 47, 49, 50]",3,3,31.72883702595034,R$99,10,19836074,1209.0,Real Bed,10,10,100,3847879,https://www.airbnb.com.br/rooms/3847879,9,1.0,Private room
True,10,4,10,False,"[2, 3, 4, 5, 6, 8, 9, 14, 21, 28, 31, 33, 37, 39, 40, 44, 45, 46]",15,3,48.07399549386415,R$150,10,80225803,223.5,Real Bed,10,10,100,14166900,https://www.airbnb.com.br/rooms/14166900,9,1.0,Entire home/apt
True,,2,,False,"[1, 4, 5, 8, 21, 31, 33, 34, 39, 40, 42, 47]",0,3,48.07399549386415,R$150,,99418380,2375.0,Real Bed,,,,18024975,https://www.airbnb.com.br/rooms/18024975,,0.984000027179718,Entire home/apt
False,10,1,10,False,"[1, 4, 8, 30, 33, 34, 39, 40, 49, 50]",36,5,12.819732131697108,R$40,10,15262352,10739.5,Real Bed,10,10,98,8271276,https://www.airbnb.com.br/rooms/8271276,10,0.8999999761581421,Private room
True,10,2,10,False,"[1, 3, 4, 8, 12, 33, 34, 39, 40, 49, 50]",8,3,23.075517837054793,R$72,10,92028803,928.0,Real Bed,10,10,100,14759534,https://www.airbnb.com.br/rooms/14759534,10,1.0,Private room
True,10,2,10,False,"[1, 3, 4, 5, 7, 8, 9, 12, 14, 17, 18, 21, 32, 33, 40, 41, 44, 45, 46, 47, 49, 50]",3,3,19.229598197545663,R$60,10,10291070,2945.0,Real Bed,10,10,93,16505230,https://www.airbnb.com.br/rooms/16505230,10,1.0,Private room
True,,2,,False,"[4, 5, 8, 11, 21, 28, 31, 33, 47]",0,5,19.870584804130516,R$62,,96453380,,Real Bed,,,,15192030,https://www.airbnb.com.br/rooms/15192030,,,Entire home/apt
True,,2,,False,"[1, 4, 8, 9, 12, 33, 40, 45, 46, 47, 49, 50, 57]",0,3,21.793544623885083,R$68,,91872390,1696.0,Real Bed,,,,17976299,https://www.airbnb.com.br/rooms/17976299,,1.0,Entire home/apt
True,,4,,False,"[1, 5, 8, 25, 31, 33, 40]",0,3,32.690316935827624,R$102,,13950119,1966.0,Real Bed,,,,17647592,https://www.airbnb.com.br/rooms/17647592,,1.0,Entire home/apt
False,9,2,10,False,"[1, 2, 3, 4, 5, 8, 14, 21, 28, 30, 33, 34, 39, 40, 42, 44, 45, 46, 47, 49, 50]",3,4,36.85672987862919,R$115,10,95416859,810.0,Real Bed,10,10,100,15165832,https://www.airbnb.com.br/rooms/15165832,10,1.0,Entire home/apt
True,10,4,10,False,"[1, 2, 3, 4, 5, 8, 28, 31, 39, 40, 41, 44]",6,5,46.471528977402016,R$145,10,63401028,3113.0,Real Bed,10,10,93,15128144,https://www.airbnb.com.br/rooms/15128144,8,1.0,Entire home/apt
False,10,3,9,False,"[3, 4, 5, 8, 11, 28, 33, 37, 39, 40, 41, 43, 44, 46, 47, 49, 50]",8,5,22.43453123046994,R$70,10,50686077,445.0,Real Bed,10,10,100,9843659,https://www.airbnb.com.br/rooms/9843659,10,1.0,Entire home/apt
True,,3,,False,"[1, 4, 8, 16, 21, 31, 32, 33, 40, 41, 49]",0,3,32.04933032924277,R$100,,116495890,17686.5,Real Bed,,,,17275289,https://www.airbnb.com.br/rooms/17275289,,0.800000011920929,Entire home/apt
False,10,2,10,False,"[2, 4, 7, 8, 9, 11, 12, 17, 27, 28, 31, 33, 42, 44, 47, 56, 57]",1,3,11.21726561523497,R$35,10,24121181,1317.0,Real Bed,10,10,100,17331609,https://www.airbnb.com.br/rooms/17331609,10,1.0,Private room
True,10,1,10,False,"[1, 3, 4, 5, 8, 14, 15, 16, 21, 28, 30, 33, 34, 35, 36, 39, 40, 41, 42, 44, 45, 46, 47, 49, 50]",2,3,13.781212041574392,R$43,10,116542243,631.0,Real Bed,10,10,100,17281296,https://www.airbnb.com.br/rooms/17281296,10,1.0,Private room
False,10,2,10,False,[11],1,3,19.229598197545663,R$60,10,117802239,928.0,Real Bed,10,10,60,17764113,https://www.airbnb.com.br/rooms/17764113,8,1.0,Entire home/apt
False,10,2,10,False,"[3, 4, 8, 11, 17, 19, 28, 31, 32, 33, 39, 40, 42, 44, 45]",2,4,21.0,R$66,8,102077212,1287.0,Real Bed,9,10,90,15781755,https://www.airbnb.com.br/rooms/15781755,10,1.0,Private room
True,9,4,9,False,"[1, 5, 6, 7, 8, 12, 14, 21, 28, 31, 35, 36, 37, 39, 40, 41, 43, 44, 51, 55]",8,5,16.024665164621386,R$50,9,36996526,5961.5,Real Bed,9,9,88,7053947,https://www.airbnb.com.br/rooms/7053947,10,1.0,Entire home/apt
True,,2,,False,"[1, 4, 5, 8, 12, 31, 33, 34, 39, 41, 44, 45, 46, 47]",0,4,22.43453123046994,R$70,,100797552,,Real Bed,,,,18021631,https://www.airbnb.com.br/rooms/18021631,,,Entire home/apt
True,,3,,False,"[1, 4, 5, 8, 9, 21, 31, 40, 44, 46, 47]",0,3,57.36830128934456,R$179,,117679254,,Real Bed,,,,17405283,https://www.airbnb.com.br/rooms/17405283,,,Entire home/apt
False,10,3,9,False,"[1, 2, 3, 4, 5, 8, 9, 12, 28, 33, 40]",23,4,36.85672987862919,R$115,9,3197873,2669.0,Real Bed,9,10,90,4809562,https://www.airbnb.com.br/rooms/4809562,10,1.0,Entire home/apt
False,,2,,False,"[1, 2, 3, 4, 5, 8, 21, 28, 31, 33, 34, 39, 40, 41, 42, 44, 45, 46, 47]",0,5,24.036997746932077,R$75,,22061531,,Real Bed,,,,17842666,https://www.airbnb.com.br/rooms/17842666,,,Entire home/apt
False,10,2,10,False,"[1, 4, 5, 8, 12, 21, 33, 39, 40, 41, 42, 44, 45, 46, 49, 50]",1,5,22.43453123046994,R$70,10,89356314,3681.0,Real Bed,10,10,100,14485027,https://www.airbnb.com.br/rooms/14485027,10,1.0,Private room
True,10,3,9,True,"[1, 2, 3, 4, 5, 8, 9, 14, 28, 30, 31, 33, 35, 36, 37, 39, 40, 41, 43, 44, 45, 46, 47]",32,5,41.023142821430746,R$128,10,2099711,1720.0,Real Bed,10,10,93,1609683,https://www.airbnb.com.br/rooms/1609683,9,1.0,Entire home/apt
True,,3,,False,"[1, 2, 3, 4, 5, 6, 8, 28, 31, 40, 45, 47]",0,3,29.0,R$90,,124151029,,Real Bed,,,,18043831,https://www.airbnb.com.br/rooms/18043831,,,Entire home/apt
True,,3,,False,"[1, 4, 5, 8, 11, 21, 31, 33, 40, 42, 44, 46, 47, 50, 57]",0,5,22.43453123046994,R$70,,58253896,1209.5,Real Bed,,,,17187168,https://www.airbnb.com.br/rooms/17187168,,1.0,Entire home/apt
False,10,8,8,False,"[1, 3, 4, 5, 6, 8, 9, 21, 31, 33, 34, 38, 39, 40]",7,5,76.91839279018265,R$240,10,10947606,36.0,Real Bed,9,10,94,6186161,https://www.airbnb.com.br/rooms/6186161,10,1.0,Entire home/apt
True,,2,,False,"[1, 6, 8, 14, 21, 31, 33, 37, 39, 40, 42, 45, 46, 47]",0,3,12.819732131697108,R$40,,108179829,5001.0,Real Bed,,,,17879943,https://www.airbnb.com.br/rooms/17879943,,1.0,Private room
True,10,4,10,False,"[1, 2, 3, 4, 5, 8, 9, 14, 21, 27, 28, 31, 33, 40, 44, 45, 46, 50]",5,5,60.89372762556126,R$190,10,5063984,3702.0,Real Bed,10,10,100,16533224,https://www.airbnb.com.br/rooms/16533224,10,1.0,Entire home/apt
False,10,2,9,False,"[1, 2, 4, 5, 8, 28, 33, 37, 39, 40, 44, 45, 46, 49, 50]",50,3,16.98614507449867,R$53,10,15381743,8583.5,Real Bed,10,10,92,3061487,https://www.airbnb.com.br/rooms/3061487,9,1.0,Entire home/apt
True,10,1,10,False,"[2, 3, 4, 8, 28, 33, 39, 40, 43, 44, 46, 49, 50]",8,3,14.422198648159247,R$45,9,47527499,252.5,Real Bed,10,10,98,11658136,https://www.airbnb.com.br/rooms/11658136,10,1.0,Private room
False,10,3,9,False,"[1, 3, 4, 5, 8, 9, 17, 18, 31, 33, 37, 40, 42, 43, 44, 45, 46, 47]",13,3,16.98614507449867,R$53,10,83177787,5388.0,Real Bed,10,10,92,8273861,https://www.airbnb.com.br/rooms/8273861,8,1.0,Private room
True,10,8,10,False,"[1, 3, 4, 5, 8, 9, 12, 21, 25, 30, 31, 33, 37, 39, 40, 41, 42, 44, 45, 46, 47]",2,3,58.970767805806695,R$184,10,118503318,2130.0,Real Bed,10,10,100,17490754,https://www.airbnb.com.br/rooms/17490754,10,1.0,Entire home/apt
True,10,3,10,False,"[1, 4, 5, 8, 12, 21, 28, 31, 33, 34, 39, 40, 44, 45, 46]",38,4,24.036997746932077,R$75,9,5735069,14908.0,Real Bed,10,10,96,8536954,https://www.airbnb.com.br/rooms/8536954,9,0.699999988079071,Entire home/apt
False,10,2,10,False,"[4, 8, 11, 37, 39, 40, 44, 46, 47, 49, 50]",25,5,13.781212041574392,R$43,10,31589891,3704.0,Real Bed,9,10,86,6122173,https://www.airbnb.com.br/rooms/6122173,7,1.0,Entire home/apt
True,10,6,10,False,"[1, 5, 6, 8, 9, 21, 31, 33, 39, 40]",5,5,41.6641294280156,R$130,10,110019257,1144.5,Real Bed,10,10,100,16646854,https://www.airbnb.com.br/rooms/16646854,10,1.0,Entire home/apt
False,,3,,False,"[5, 8, 9, 15, 21, 31, 33, 34, 40, 44]",0,3,27.241930779856354,R$85,,11390380,2326.5,Real Bed,,,,17809670,https://www.airbnb.com.br/rooms/17809670,,0.8999999761581421,Entire home/apt
True,,2,,False,"[1, 5, 6, 8, 11, 12, 21, 28, 31, 33, 39, 40, 42, 44, 47]",1,4,19.229598197545663,R$60,10,99418380,2375.0,Real Bed,10,10,100,15713073,https://www.airbnb.com.br/rooms/15713073,,0.984000027179718,Entire home/apt
True,10,2,10,False,"[1, 3, 4, 5, 8, 11, 17, 33, 34, 37, 40, 41, 49, 50]",1,4,17.947624984375953,R$56,10,24460804,5724.0,Real Bed,10,10,100,5491071,https://www.airbnb.com.br/rooms/5491071,10,1.0,Private room
True,,2,,False,"[3, 4, 8, 12, 21, 33, 40, 41, 46, 47, 49, 50]",0,3,16.024665164621386,R$50,,52563975,28293.5,Real Bed,,,,16993713,https://www.airbnb.com.br/rooms/16993713,,1.0,Shared room
True,10,2,10,False,"[4, 8, 28, 40, 46]",4,4,15.704171861328957,R$49,10,87384491,1874.0,Real Bed,10,10,95,14303182,https://www.airbnb.com.br/rooms/14303182,10,0.8999999761581421,Private room
False,10,4,10,False,"[1, 4, 5, 8, 30, 31, 33, 40, 42, 44, 45, 47]",2,4,40.06166291155346,R$125,8,6005341,2280.5,Real Bed,9,10,90,16643902,https://www.airbnb.com.br/rooms/16643902,10,0.8999999761581421,Entire home/apt
True,10,4,10,False,"[1, 2, 3, 4, 5, 8, 9, 11, 12, 14, 27, 30, 31, 32, 33, 40, 44, 45, 46, 47, 51, 55, 61]",1,3,22.43453123046994,R$70,10,47661190,7180.0,Real Bed,10,10,100,17679565,https://www.airbnb.com.br/rooms/17679565,10,0.9169999957084656,Entire home/apt
False,10,2,10,False,"[3, 4, 5, 8, 11, 17, 19, 21, 28, 33, 37, 39, 40, 41, 43, 44, 45, 46, 47, 49, 50, 56]",11,3,14.422198648159247,R$45,10,38080424,15935.5,Real Bed,10,10,100,16892772,https://www.airbnb.com.br/rooms/16892772,10,1.0,Private room
False,10,2,10,False,"[3, 4, 8, 17, 19, 21, 28, 31, 33, 37, 38, 40, 41, 44, 45, 46, 47]",6,3,22.43453123046994,R$70,9,32032630,,Real Bed,10,10,93,14176688,https://www.airbnb.com.br/rooms/14176688,10,,Private room
True,10,3,10,False,"[1, 4, 5, 8, 14, 21, 31, 40, 44, 45, 50, 51, 55]",3,5,24.036997746932077,R$75,10,43435767,2043.0,Real Bed,10,10,100,17007561,https://www.airbnb.com.br/rooms/17007561,10,1.0,Entire home/apt
True,10,2,10,False,"[1, 2, 3, 4, 5, 6, 7, 8, 9, 14, 15, 21, 25, 28, 33, 34, 35, 36, 39, 44, 45, 47, 49, 50]",6,4,62.496194142023406,R$195,10,91194835,729.0,Real Bed,10,10,100,14866519,https://www.airbnb.com.br/rooms/14866519,10,1.0,Entire home/apt
False,10,3,10,False,"[4, 5, 9, 16, 30, 31, 37, 39, 40, 42, 44, 45, 46, 47, 50]",1,3,19.55009150083809,R$61,10,116291943,98.0,Real Bed,10,10,100,17254529,https://www.airbnb.com.br/rooms/17254529,10,1.0,Private room
True,10,6,10,False,"[1, 4, 5, 7, 8, 9, 12, 14, 21, 28, 31, 33, 39, 40, 43, 44]",18,4,27.88291738644121,R$87,9,20814227,548.0,Real Bed,9,9,88,9152585,https://www.airbnb.com.br/rooms/9152585,9,1.0,Entire home/apt
False,,1,,False,"[1, 4, 5, 8, 11, 33, 40, 42, 45, 47, 49, 50, 56]",0,5,22.43453123046994,R$70,,10726267,,Real Bed,,,,17620253,https://www.airbnb.com.br/rooms/17620253,,,Private room
True,,2,,False,"[1, 3, 4, 5, 7, 8, 9, 11, 15, 21, 31, 32, 33, 34, 40, 47, 50, 57]",0,3,30.44686381278063,R$95,,28715976,24499.0,Real Bed,,,,17838214,https://www.airbnb.com.br/rooms/17838214,,1.0,Entire home/apt
True,,3,,False,"[1, 5, 8, 9, 15, 21, 30, 31, 32, 33, 34, 40, 44]",0,3,34.0,R$106,,74228576,,Real Bed,,,,13225719,https://www.airbnb.com.br/rooms/13225719,,,Entire home/apt
True,10,2,8,False,"[1, 2, 3, 4, 5, 8, 12, 28, 30, 31, 33, 34, 40, 41, 43, 44, 45, 46, 47, 57]",1,4,40.38215621484589,R$126,8,76354174,3614.0,Real Bed,10,10,80,16632615,https://www.airbnb.com.br/rooms/16632615,10,0.9330000281333923,Entire home/apt
True,10,2,8,False,"[1, 2, 3, 4, 5, 7, 8, 14, 15, 16, 21, 35, 36, 38, 39, 40, 41, 42, 43, 44, 45, 46, 47, 51, 55]",1,4,46.471528977402016,R$145,10,110165398,1.0,Real Bed,10,10,100,16942134,https://www.airbnb.com.br/rooms/16942134,8,0.8889999985694885,Private room
True,10,2,9,False,"[1, 4, 5, 8, 9, 21, 33, 34, 40, 41, 44, 45, 46, 47, 49]",2,4,57.68879459263699,R$180,10,102920695,17687.0,Real Bed,10,10,100,15874319,https://www.airbnb.com.br/rooms/15874319,10,0.8999999761581421,Entire home/apt
True,,1,,False,"[1, 4, 8, 21, 28, 40, 44, 49, 50]",0,5,19.229598197545663,R$60,,2939082,12033.0,Real Bed,,,,16175131,https://www.airbnb.com.br/rooms/16175131,,1.0,Private room
True,10,1,10,False,"[1, 2, 3, 4, 8, 21, 30, 31, 33, 34, 37, 40, 41, 44, 45, 47, 50]",1,3,25.31897096010179,R$79,10,84961692,,Pull-out Sofa,10,10,100,14162616,https://www.airbnb.com.br/rooms/14162616,10,,Private room
True,10,6,9,True,"[1, 2, 3, 4, 5, 8, 9, 14, 15, 21, 28, 31, 33, 43, 44, 45, 46, 47, 50]",22,4,67.30359369140982,R$210,10,11182716,93.0,Real Bed,10,10,96,11649953,https://www.airbnb.com.br/rooms/11649953,9,1.0,Entire home/apt
False,10,2,10,False,"[1, 2, 3, 4, 5, 8, 9, 11, 12, 14, 21, 28, 33, 38, 39, 40, 41, 43, 44, 45, 46, 47, 49, 50]",19,5,50.958435223496004,R$159,10,22164950,8763.5,Real Bed,10,10,98,4926770,https://www.airbnb.com.br/rooms/4926770,10,1.0,Entire home/apt
True,10,2,10,False,"[1, 2, 3, 4, 7, 8, 9, 11, 14, 15, 21, 33, 34, 39, 40, 43, 44, 45, 46, 47, 49, 50]",4,3,20.8320647140078,R$65,10,83048827,162.5,Real Bed,7,10,100,14980284,https://www.airbnb.com.br/rooms/14980284,10,0.75,Private room
True,10,2,9,False,"[1, 8, 11, 12, 14, 21, 33, 38, 40, 41, 43, 44]",24,3,20.8320647140078,R$65,9,46410100,,Real Bed,9,10,83,8866425,https://www.airbnb.com.br/rooms/8866425,10,,Entire home/apt
False,10,6,10,False,"[1, 3, 4, 5, 8, 9, 12, 31, 32, 33, 39, 40, 41]",1,4,40.0,R$125,10,79882060,452.0,Real Bed,10,10,100,17587337,https://www.airbnb.com.br/rooms/17587337,10,1.0,Entire home/apt
False,10,4,10,False,"[1, 5, 8, 9, 11, 12, 15, 21, 30, 31, 33, 40, 41, 42, 44, 45, 46]",5,3,33.65179684570491,R$105,10,43190443,4887.5,Real Bed,10,10,96,16512066,https://www.airbnb.com.br/rooms/16512066,10,1.0,Entire home/apt
False,10,2,9,False,"[1, 2, 3, 4, 8, 11, 21, 28, 39, 40, 41]",18,3,19.229598197545663,R$60,9,5975647,47451.0,Real Bed,10,10,97,8292739,https://www.airbnb.com.br/rooms/8292739,10,0.8999999761581421,Entire home/apt
False,10,2,10,False,"[1, 2, 3, 4, 5, 8, 33, 34, 40, 44, 45, 46, 47, 49, 50]",8,3,38.459196395091325,R$120,10,39188078,2477.5,Real Bed,10,10,98,8974460,https://www.airbnb.com.br/rooms/8974460,10,1.0,Entire home/apt
False,10,4,10,False,"[1, 3, 4, 5, 8, 12, 31, 39, 40, 41, 44, 45, 46, 49, 50]",7,3,44.86906246093988,R$140,10,4070418,7184.0,Real Bed,10,10,100,8218123,https://www.airbnb.com.br/rooms/8218123,10,1.0,Entire home/apt
False,,2,,False,"[3, 4, 8, 11, 12, 21, 33, 40, 44, 45, 46, 47, 49, 50, 51, 55]",0,3,10.0,R$31,,41868811,858.0,Real Bed,,,,18021011,https://www.airbnb.com.br/rooms/18021011,,1.0,Private room
True,10,2,8,False,"[1, 6, 8, 11, 14, 21, 28, 31, 33, 39, 40, 41, 42, 43, 44, 47]",6,4,25.639464263394217,R$80,8,85449878,66767.5,Real Bed,9,9,80,14147356,https://www.airbnb.com.br/rooms/14147356,9,0.6539999842643738,Entire home/apt
False,10,2,9,True,"[1, 3, 4, 5, 8, 11, 33, 40]",19,4,27.241930779856354,R$85,10,38296590,717.0,Real Bed,10,10,97,7309906,https://www.airbnb.com.br/rooms/7309906,10,1.0,Entire home/apt
True,,3,,False,"[1, 2, 4, 8, 11, 12, 21, 28, 31, 32, 33, 40, 44, 45, 46, 47, 50]",0,3,12.819732131697108,R$40,,99197386,1463.0,Real Bed,,,,17024559,https://www.airbnb.com.br/rooms/17024559,,1.0,Private room
False,,2,,False,"[1, 3, 4, 5, 8, 21, 30, 31, 40, 46, 47, 49]",0,4,47.75350219057173,R$149,,20689440,1042.0,Real Bed,,,,17344815,https://www.airbnb.com.br/rooms/17344815,,1.0,Entire home/apt
True,10,2,10,False,"[1, 4, 8, 11, 17, 18, 21, 28, 33, 39, 40, 41, 42, 44, 45, 47, 49, 50]",3,3,13.781212041574392,R$43,10,10083869,5311.0,Real Bed,10,10,100,13619958,https://www.airbnb.com.br/rooms/13619958,10,1.0,Private room
False,10,4,10,False,"[1, 8, 9, 31, 37, 39, 40, 41, 44, 45, 47, 50]",2,3,165.3745444988927,R$516,10,78176143,35078.0,Real Bed,10,10,100,13577692,https://www.airbnb.com.br/rooms/13577692,10,0.8999999761581421,Private room
True,,1,,False,"[1, 4, 5, 8, 28, 31, 33, 39, 40, 42, 44, 45, 46, 47, 49]",0,3,17.306638377791096,R$54,,121080768,10060.0,Real Bed,,,,17747858,https://www.airbnb.com.br/rooms/17747858,,1.0,Private room
True,10,2,10,False,"[1, 2, 3, 4, 8, 14, 21, 28, 33, 37, 38, 39, 40, 41, 42, 43, 44, 45, 46, 47, 49, 50]",8,4,22.43453123046994,R$70,10,24669766,39570.0,Real Bed,10,10,98,14729107,https://www.airbnb.com.br/rooms/14729107,10,0.699999988079071,Private room
False,10,2,9,False,"[1, 4, 5, 8, 9, 12, 15, 21, 30, 31, 33, 35, 36, 40, 44, 47]",2,3,70.50852672433409,R$220,10,10516884,5405.0,Real Bed,10,10,100,14787726,https://www.airbnb.com.br/rooms/14787726,10,1.0,Entire home/apt
False,10,2,10,False,"[1, 2, 3, 4, 5, 8, 9, 11, 12, 16, 21, 27, 28, 30, 33, 34, 37, 39, 40, 41, 42, 43, 44, 45, 46, 47, 49, 50]",1,3,19.229598197545663,R$60,10,9408107,5682.5,Real Bed,10,10,100,16850217,https://www.airbnb.com.br/rooms/16850217,10,1.0,Private room
False,,2,,False,"[1, 3, 4, 8, 11, 21, 28, 31, 40, 42, 45, 46, 47]",0,4,19.870584804130516,R$62,,27012831,0.0,Real Bed,,,,17736214,https://www.airbnb.com.br/rooms/17736214,,1.0,Private room
False,10,2,10,False,"[1, 4, 5, 8, 11, 16, 31, 33, 34, 40, 41, 42, 44, 45, 46, 47, 49, 50, 56]",7,3,16.66565177120624,R$52,10,77937720,30394.0,Real Bed,10,10,100,16617803,https://www.airbnb.com.br/rooms/16617803,10,1.0,Private room
True,10,4,9,False,"[1, 2, 3, 4, 5, 6, 8, 11, 21, 28, 31, 33, 39, 40, 42, 44, 46, 47]",12,5,67.30359369140982,R$210,10,4678043,5859.0,Real Bed,10,10,95,11715876,https://www.airbnb.com.br/rooms/11715876,10,1.0,Entire home/apt
True,,3,,False,"[8, 9, 21, 40, 44, 46, 47, 49, 50]",0,3,38.459196395091325,R$120,,63466848,,Pull-out Sofa,,,,13813303,https://www.airbnb.com.br/rooms/13813303,,,Entire home/apt
True,10,2,10,False,"[1, 3, 4, 5, 8, 9, 21, 28, 30, 31, 33, 34, 39, 40, 44]",4,5,64.09866065848554,R$200,10,105071451,7348.5,Real Bed,10,10,100,16285932,https://www.airbnb.com.br/rooms/16285932,10,1.0,Entire home/apt
False,10,4,8,False,"[1, 4, 8, 21, 31, 40, 41, 43, 44, 46, 47]",1,3,29.485383902903347,R$92,10,74844798,2389.0,Pull-out Sofa,10,10,100,15670212,https://www.airbnb.com.br/rooms/15670212,10,1.0,Entire home/apt
True,,1,,False,"[8, 11, 12, 32, 49]",0,3,28.0,R$87,,103218098,43200.5,Real Bed,,,,17680629,https://www.airbnb.com.br/rooms/17680629,,0.5,Entire home/apt
False,10,1,10,False,"[1, 3, 4, 5, 8, 11, 14, 21, 28, 30, 33, 39, 40, 41, 43, 44, 45, 47]",4,3,19.229598197545663,R$60,10,54610839,1809.0,Real Bed,10,10,100,15521694,https://www.airbnb.com.br/rooms/15521694,10,1.0,Private room
False,10,4,10,False,"[1, 4, 8, 9, 15, 21, 28, 31, 33, 34, 40, 44, 45, 46, 47, 57]",3,3,59.93224771568398,R$187,9,105256456,3145.0,Real Bed,9,10,93,16146875,https://www.airbnb.com.br/rooms/16146875,10,1.0,Entire home/apt
True,,3,,False,"[1, 5, 8, 9, 31, 33, 40, 41, 44]",0,3,35.254263362167045,R$110,,122735048,,Real Bed,,,,17907534,https://www.airbnb.com.br/rooms/17907534,,,Entire home/apt
True,,3,,False,"[1, 2, 3, 4, 8, 11, 14, 21, 28, 31, 33, 40, 44, 47]",0,3,27.241930779856354,R$85,,402809,67295.0,Real Bed,,,,17978351,https://www.airbnb.com.br/rooms/17978351,,0.800000011920929,Entire home/apt
True,10,10,10,False,"[1, 2, 3, 4, 5, 6, 8, 11, 21, 28, 31, 33, 37, 39, 40, 44, 45, 46, 47, 50]",10,4,80.12332582310692,R$250,10,70043478,130.0,Real Bed,10,10,96,12832725,https://www.airbnb.com.br/rooms/12832725,10,1.0,Entire home/apt
False,10,3,9,True,"[1, 4, 5, 8, 9, 11, 21, 30, 31, 33, 39, 40, 41, 44, 45, 46, 47, 50]",11,3,33.65179684570491,R$105,10,71003964,1851.0,Real Bed,10,10,96,13788333,https://www.airbnb.com.br/rooms/13788333,10,1.0,Entire home/apt
False,10,2,10,False,"[1, 4, 8, 12, 21, 31, 40, 44, 46, 49, 50]",1,3,14.422198648159247,R$45,10,101481887,9399.0,Real Bed,10,10,100,17698016,https://www.airbnb.com.br/rooms/17698016,10,1.0,Private room
True,,2,,False,"[1, 4, 8, 31, 33, 39, 40, 42, 45, 46]",0,3,12.819732131697108,R$40,,120899335,8745.5,Real Bed,,,,17730632,https://www.airbnb.com.br/rooms/17730632,,1.0,Private room
True,10,2,10,False,"[1, 2, 3, 4, 5, 6, 8, 11, 31, 33, 39, 40, 43, 44, 45, 46, 47]",14,3,25.959957566686644,R$81,9,51642759,439.5,Real Bed,9,10,92,10063552,https://www.airbnb.com.br/rooms/10063552,9,1.0,Entire home/apt
True,,2,,False,"[2, 4, 5, 8, 9, 21, 39, 40, 41, 42, 44, 47, 49, 50]",0,3,38.459196395091325,R$120,,107448454,2567.0,Real Bed,,,,17525503,https://www.airbnb.com.br/rooms/17525503,,0.8569999933242798,Entire home/apt
True,,1,,False,"[4, 8, 33, 40, 42, 45, 46, 47, 49]",0,3,9.935292402065258,R$31,,121556845,,Real Bed,,,,17792634,https://www.airbnb.com.br/rooms/17792634,,,Private room
False,10,2,10,False,"[1, 2, 3, 4, 8, 16, 17, 18, 27, 28, 30, 33, 34, 40, 41, 43, 44, 45, 46, 47, 49, 50]",2,3,24.036997746932077,R$75,10,1525914,367.0,Pull-out Sofa,10,10,100,14649515,https://www.airbnb.com.br/rooms/14649515,10,1.0,Private room
True,,2,,False,"[1, 3, 4, 5, 8, 9, 31]",0,3,32.04933032924277,R$100,,108228379,891.0,Real Bed,,,,16922672,https://www.airbnb.com.br/rooms/16922672,,0.9089999794960022,Entire home/apt
True,9,2,8,False,"[1, 3, 4, 8, 21, 39, 40]",12,5,24.357491050224507,R$76,9,15830159,662.5,Real Bed,9,10,82,3124048,https://www.airbnb.com.br/rooms/3124048,9,1.0,Entire home/apt
True,,4,,False,"[1, 4, 8, 9, 12, 31, 40, 47]",0,3,16.024665164621386,R$50,,65274347,2566.0,Real Bed,,,,15781696,https://www.airbnb.com.br/rooms/15781696,,0.800000011920929,Entire home/apt
True,,2,,False,"[1, 4, 8, 12, 16, 32, 33, 44, 45, 49]",0,3,10.896772311942541,R$34,,123187975,,Real Bed,,,,17952720,https://www.airbnb.com.br/rooms/17952720,,,Shared room
True,,1,,False,"[4, 8, 33, 34, 40, 44, 49, 56]",0,3,15.704171861328957,R$49,,110457677,6645.0,Real Bed,,,,16685871,https://www.airbnb.com.br/rooms/16685871,,1.0,Private room
False,10,3,10,False,"[1, 3, 4, 8, 14, 17, 19, 28, 33, 40, 45, 46, 50]",19,4,20.0,R$62,9,53672405,2320.5,Real Bed,10,10,91,10421103,https://www.airbnb.com.br/rooms/10421103,9,1.0,Private room
True,10,1,10,False,"[1, 4, 9, 16, 39, 40, 42, 44, 45, 47, 49]",1,3,24.99847765680936,R$78,10,89151075,1.0,Real Bed,10,10,100,15998566,https://www.airbnb.com.br/rooms/15998566,10,1.0,Private room
True,10,3,10,False,"[1, 4, 5, 8, 9, 11, 33, 40, 42, 44, 47, 49, 50]",1,3,22.43453123046994,R$70,10,46771809,0.0,Real Bed,10,10,100,17183952,https://www.airbnb.com.br/rooms/17183952,10,1.0,Private room
True,10,2,9,True,"[3, 4, 8, 28, 37, 39, 40, 41, 44, 47, 49, 50]",3,5,24.036997746932077,R$75,10,2099711,1720.0,Futon,9,10,93,7105358,https://www.airbnb.com.br/rooms/7105358,10,1.0,Entire home/apt
True,,3,,False,"[1, 2, 3, 4, 5, 8, 9, 27, 28, 31, 33, 34, 40, 41, 44, 57]",0,3,48.07399549386415,R$150,,105786332,786.5,Real Bed,,,,16337253,https://www.airbnb.com.br/rooms/16337253,,0.8999999761581421,Entire home/apt
True,,1,,False,"[1, 4, 8, 11, 33, 40, 42, 45, 46, 47, 49, 50]",0,3,22.43453123046994,R$70,,113884525,,Real Bed,,,,16998050,https://www.airbnb.com.br/rooms/16998050,,,Entire home/apt
False,10,2,10,False,"[4, 8, 31, 33, 34, 39, 40, 42, 44, 45, 46]",3,3,15.704171861328957,R$49,9,66456789,867.0,Real Bed,10,9,93,14237372,https://www.airbnb.com.br/rooms/14237372,10,1.0,Private room
True,,3,,False,"[4, 5, 8, 33, 44, 47]",0,3,19.870584804130516,R$62,,45033692,,Real Bed,,,,8555317,https://www.airbnb.com.br/rooms/8555317,,,Private room
False,,4,,False,"[1, 2, 4, 5, 8, 9, 11, 21, 28, 31, 40, 41, 43, 44, 45, 46, 47]",0,4,38.459196395091325,R$120,,86392006,1756.5,Real Bed,,,,14220380,https://www.airbnb.com.br/rooms/14220380,,1.0,Entire home/apt
False,10,1,10,False,"[4, 8, 16, 17, 33, 40, 41, 49, 50]",1,3,16.66565177120624,R$52,10,29439081,434.0,Real Bed,10,10,100,16894574,https://www.airbnb.com.br/rooms/16894574,10,1.0,Private room
False,10,4,10,False,"[1, 2, 3, 4, 5, 8, 9, 14, 21, 28, 33, 34, 38, 40, 41, 44, 45, 46]",14,4,57.68879459263699,R$180,10,9193117,558.0,Real Bed,10,10,94,2709042,https://www.airbnb.com.br/rooms/2709042,9,1.0,Entire home/apt
False,10,2,9,False,"[1, 3, 4, 5, 7, 8, 9, 15, 21, 25, 31, 35, 41, 44, 45, 47]",8,4,54.48386155971271,R$170,10,95188278,461.0,Real Bed,10,10,94,15083990,https://www.airbnb.com.br/rooms/15083990,10,1.0,Entire home/apt
False,10,2,10,True,"[1, 3, 4, 5, 8, 9, 16, 25, 31, 33, 40]",15,4,25.639464263394217,R$80,10,94267212,349.0,Real Bed,10,10,99,15453903,https://www.airbnb.com.br/rooms/15453903,10,1.0,Private room
True,10,10,9,False,"[1, 3, 4, 5, 8, 9, 11, 12, 30, 31, 33, 40, 41]",24,4,28.844397296318494,R$90,9,44867548,154.5,Real Bed,9,10,85,8521709,https://www.airbnb.com.br/rooms/8521709,9,1.0,Entire home/apt
True,,4,,False,"[1, 4, 5, 7, 8, 11, 21, 30, 31, 33, 34, 40, 41, 44, 45, 46, 47]",0,3,347.0942474656992,R$1083,,30053528,1668.5,Real Bed,,,,16307185,https://www.airbnb.com.br/rooms/16307185,,0.800000011920929,Private room
False,10,4,10,False,"[1, 3, 4, 5, 8, 21, 28, 31, 33, 34, 35, 36, 40, 41, 45, 46]",5,4,28.523903993026064,R$89,10,858475,1671.0,Real Bed,10,10,96,179298,https://www.airbnb.com.br/rooms/179298,9,1.0,Entire home/apt
False,10,2,10,False,"[1, 4, 5, 7, 8, 9, 15, 21, 25, 31, 33, 34, 40, 42, 47, 50]",2,3,63.45767405190068,R$198,10,90266747,276.5,Real Bed,10,10,100,14570528,https://www.airbnb.com.br/rooms/14570528,10,1.0,Entire home/apt
False,10,1,10,False,"[4, 8, 40, 44, 47, 49, 50]",1,3,16.00196290744998,R$50,10,28605086,448.0,Real Bed,8,10,80,15611823,https://www.airbnb.com.br/rooms/15611823,8,1.0,Private room
False,10,2,10,True,"[1, 3, 4, 8, 16, 21, 33, 40, 44, 46]",29,4,20.8320647140078,R$65,10,712158,6301.5,Real Bed,10,10,96,8757063,https://www.airbnb.com.br/rooms/8757063,10,1.0,Private room
True,,1,,False,"[4, 5, 8, 11, 21, 33, 37, 39, 40, 41, 44, 45, 49, 50]",0,3,10.896772311942541,R$34,,4479691,6825.0,Real Bed,,,,14742589,https://www.airbnb.com.br/rooms/14742589,,0.75,Private room
False,,2,,False,"[31, 49, 50]",0,3,20.8320647140078,R$65,,120901255,1649.0,Real Bed,,,,17924380,https://www.airbnb.com.br/rooms/17924380,,1.0,Private room
True,,2,,False,"[1, 3, 4, 5, 8, 11, 16, 21, 30, 33, 34, 39, 41, 49, 50]",0,3,19.229598197545663,R$60,,51839309,,Real Bed,,,,16027637,https://www.airbnb.com.br/rooms/16027637,,,Private room
False,10,2,10,False,"[2, 4, 8, 31, 33, 40, 42, 43, 44, 45, 46, 47, 50]",13,5,15.704171861328957,R$49,9,10234450,14900.0,Real Bed,10,10,97,13395391,https://www.airbnb.com.br/rooms/13395391,9,1.0,Private room
False,10,4,10,False,"[1, 2, 3, 4, 5, 8, 9, 21, 33, 34, 42, 44, 46, 47, 49, 50]",1,5,124.99238828404681,R$390,10,90011266,6648.0,Real Bed,10,10,100,16617253,https://www.airbnb.com.br/rooms/16617253,10,1.0,Entire home/apt
False,10,2,9,False,"[1, 4, 5, 8, 9, 21, 33, 34, 40, 41, 44, 46, 49]",2,3,32.04933032924277,R$100,10,14369652,8676.5,Real Bed,10,10,100,16762191,https://www.airbnb.com.br/rooms/16762191,10,0.875,Entire home/apt
True,10,2,10,False,"[4, 5, 8, 33, 40, 44, 46, 47, 49, 50]",3,4,20.8320647140078,R$65,10,16756828,2.0,Real Bed,10,10,100,14406232,https://www.airbnb.com.br/rooms/14406232,10,1.0,Private room
True,10,6,9,True,"[1, 4, 5, 8, 9, 27, 31, 33, 40]",3,5,64.09866065848554,R$200,10,3250429,1485.5,Real Bed,10,10,100,15452343,https://www.airbnb.com.br/rooms/15452343,10,1.0,Entire home/apt
True,9,3,9,False,"[2, 4, 5, 6, 8, 12, 28, 31, 33, 40, 44, 46]",27,5,28.203410689733637,R$88,9,1269534,7392.5,Real Bed,10,10,92,944181,https://www.airbnb.com.br/rooms/944181,9,0.8999999761581421,Entire home/apt
False,,2,,False,"[3, 4, 5, 8, 11, 12, 31, 33, 40, 41, 44, 46, 47]",0,4,28.844397296318494,R$90,,10453219,2068.0,Real Bed,,,,16299334,https://www.airbnb.com.br/rooms/16299334,,1.0,Entire home/apt
False,,2,,False,"[1, 3, 4, 5, 8, 9, 11, 12, 21, 28, 31, 33, 34, 40, 44, 45, 46]",0,3,35.254263362167045,R$110,,21788175,16944.5,Real Bed,,,,16489472,https://www.airbnb.com.br/rooms/16489472,,1.0,Entire home/apt
True,10,1,10,False,"[1, 3, 4, 8, 14, 21, 28, 33, 39, 40, 41, 42, 43, 44, 46, 47, 49, 50]",2,5,14.422198648159247,R$45,10,92687767,3262.0,Pull-out Sofa,10,10,100,14837538,https://www.airbnb.com.br/rooms/14837538,10,1.0,Private room
False,10,1,10,False,"[1, 3, 4, 7, 8, 9, 11, 12, 17, 27, 31, 33, 34]",2,3,11.21726561523497,R$35,10,24121181,1317.0,Real Bed,10,10,100,4661605,https://www.airbnb.com.br/rooms/4661605,10,1.0,Private room
False,10,3,9,False,"[1, 3, 4, 5, 6, 8, 9, 11, 12, 14, 21, 28, 30, 31, 33, 34, 39, 40]",13,4,30.76735711607306,R$96,8,33676631,4777.5,Real Bed,9,10,88,6449831,https://www.airbnb.com.br/rooms/6449831,10,0.8999999761581421,Entire home/apt
True,,1,,False,"[1, 4, 5, 8, 30, 33, 40, 44, 45, 46, 47, 49, 50, 56]",0,3,19.229598197545663,R$60,,122568333,,Real Bed,,,,17892858,https://www.airbnb.com.br/rooms/17892858,,,Private room
True,,2,,False,"[1, 2, 8, 9, 14, 15, 21, 28, 31, 40, 46]",0,4,41.6641294280156,R$130,,100912920,698.0,Real Bed,,,,17885557,https://www.airbnb.com.br/rooms/17885557,,1.0,Entire home/apt
False,,1,,False,"[1, 3, 4, 8, 17, 19, 21, 28, 33, 37, 39, 40, 41, 44, 45, 46, 47, 49, 50]",0,4,17.0,R$53,,88653936,,Real Bed,,,,14412606,https://www.airbnb.com.br/rooms/14412606,,,Private room
True,,1,,False,"[1, 4, 5, 8, 39, 40, 42, 44, 45, 46, 47, 49]",0,3,22.43453123046994,R$70,,29941993,2242.0,Real Bed,,,,16813430,https://www.airbnb.com.br/rooms/16813430,,1.0,Private room
True,10,3,10,False,"[1, 7, 8, 9, 14, 15, 21, 28, 31, 32, 33, 34, 42, 44, 46, 47, 50]",1,3,60.57323432226884,R$189,10,100535163,17816.5,Real Bed,10,10,100,15599263,https://www.airbnb.com.br/rooms/15599263,8,1.0,Entire home/apt
False,10,6,10,False,"[1, 2, 5, 8, 9, 11, 12, 21, 25, 31, 33, 39, 40, 44, 45, 46, 47, 57]",2,3,64.09866065848554,R$200,10,106802882,12094.0,Real Bed,10,10,100,16319764,https://www.airbnb.com.br/rooms/16319764,10,1.0,Entire home/apt
True,10,4,10,False,"[1, 2, 3, 4, 5, 8, 9, 31, 32, 33, 34, 40, 41, 44, 45, 46, 47]",4,3,32.04933032924277,R$100,10,14816121,4855.0,Real Bed,10,10,100,2898751,https://www.airbnb.com.br/rooms/2898751,10,1.0,Entire home/apt
False,10,4,9,False,"[1, 3, 4, 5, 8, 21, 31]",3,3,14.422198648159247,R$45,9,47586261,,Real Bed,10,10,93,9494405,https://www.airbnb.com.br/rooms/9494405,10,,Entire home/apt
False,10,1,10,False,"[1, 2, 3, 4, 5, 8, 40]",5,3,19.870584804130516,R$62,10,9710620,86400.0,Real Bed,10,10,100,6103519,https://www.airbnb.com.br/rooms/6103519,10,0.0,Private room
False,10,4,10,False,"[1, 5, 8, 31, 33, 36, 40, 41, 43, 44, 45, 46, 47]",5,3,35.254263362167045,R$110,9,104797845,4474.0,Real Bed,10,10,100,16081224,https://www.airbnb.com.br/rooms/16081224,10,1.0,Entire home/apt
True,,2,,False,"[4, 8, 12, 21, 31, 40, 41, 42, 50, 51, 55]",0,3,14.742691951451674,R$46,,71206835,1586.5,Real Bed,,,,17211804,https://www.airbnb.com.br/rooms/17211804,,1.0,Private room
True,,2,,False,"[2, 3, 5, 8, 11, 28, 40, 44]",0,5,27.241930779856354,R$85,,106704254,86015.0,Real Bed,,,,16307270,https://www.airbnb.com.br/rooms/16307270,,1.0,Private room
False,9,2,9,False,"[4, 8, 11, 30, 40, 41, 44, 46, 47, 50]",7,5,13.140225434989535,R$41,9,31589891,3704.0,Real Bed,9,9,83,7350264,https://www.airbnb.com.br/rooms/7350264,7,1.0,Entire home/apt
False,10,1,10,False,"[1, 4, 5, 8, 16, 21, 31, 33, 40, 42, 47, 50]",3,3,28.844397296318494,R$90,10,111791147,8138.5,Real Bed,10,10,100,16809849,https://www.airbnb.com.br/rooms/16809849,9,1.0,Private room
True,10,2,10,False,"[4, 6, 8, 12, 14, 21, 28, 31, 40, 41, 42, 45, 50, 51, 55]",8,3,14.101705344866819,R$44,10,71206835,1586.5,Real Bed,10,10,100,16415318,https://www.airbnb.com.br/rooms/16415318,10,1.0,Private room
True,10,2,10,True,"[1, 2, 3, 4, 5, 8, 9, 11, 12, 28, 33, 37, 38, 39, 40, 41, 43, 44, 45, 46, 47]",43,4,14.0,R$44,9,71451573,134.0,Real Bed,10,10,99,12979144,https://www.airbnb.com.br/rooms/12979144,10,1.0,Private room
True,10,2,10,False,"[1, 5, 8, 9, 11, 14, 31, 33, 34, 41, 44]",10,3,22.755024533762366,R$71,10,86708844,1721.5,Real Bed,10,10,96,14962980,https://www.airbnb.com.br/rooms/14962980,10,1.0,Entire home/apt
True,10,4,10,False,"[1, 2, 3, 4, 5, 8, 21, 28, 31, 33, 35, 36, 40, 41, 43, 44, 45, 46, 47]",13,4,27.241930779856354,R$85,10,5622604,429.5,Real Bed,10,10,100,15627334,https://www.airbnb.com.br/rooms/15627334,10,1.0,Entire home/apt
True,10,2,9,False,"[1, 3, 4, 5, 8, 21, 31, 33, 34, 35, 36, 39, 40, 41, 43, 44, 45, 46, 47, 51, 55]",40,5,28.844397296318494,R$90,9,43135969,364.0,Real Bed,10,10,93,9906099,https://www.airbnb.com.br/rooms/9906099,10,1.0,Entire home/apt
True,10,2,10,False,"[1, 2, 8, 14, 21, 28, 30, 33, 39, 40, 42, 44, 46, 47, 49, 50]",3,5,22.43453123046994,R$70,10,82944150,267.0,Real Bed,10,10,100,13942567,https://www.airbnb.com.br/rooms/13942567,9,1.0,Entire home/apt
True,10,2,10,False,"[1, 3, 4, 5, 6, 8, 9, 11, 17, 31, 33, 40, 41]",11,3,24.036997746932077,R$75,10,30554804,264.5,Real Bed,10,10,100,15096581,https://www.airbnb.com.br/rooms/15096581,10,1.0,Private room
True,10,1,10,True,"[1, 4, 5, 7, 8, 17, 18, 28, 32, 33, 34, 37, 39, 40, 42, 44, 46, 49, 50]",23,3,25.639464263394217,R$80,10,1170265,268.5,Pull-out Sofa,10,10,99,11069109,https://www.airbnb.com.br/rooms/11069109,10,1.0,Private room
True,10,3,10,False,"[1, 4, 5, 7, 8, 9, 12, 27, 31, 32, 33, 40, 41, 42, 44, 45, 46, 47, 50]",19,4,16.024665164621386,R$50,10,45157464,1825.0,Real Bed,10,10,99,8613844,https://www.airbnb.com.br/rooms/8613844,9,0.968999981880188,Private room
True,10,4,10,True,"[1, 3, 4, 6, 8, 9, 11, 12, 14, 21, 28, 33, 39, 40, 42, 43, 44, 46, 49, 50]",95,3,24.99847765680936,R$78,10,15519625,143.0,Real Bed,10,10,98,3048322,https://www.airbnb.com.br/rooms/3048322,10,1.0,Private room
False,9,2,9,False,"[1, 2, 4, 5, 7, 8, 9, 14, 21, 28, 31, 32, 39, 40, 43, 44, 45, 50]",64,5,31.72883702595034,R$99,9,52015663,814.0,Real Bed,9,9,87,10135593,https://www.airbnb.com.br/rooms/10135593,9,1.0,Entire home/apt
False,10,3,10,False,"[1, 2, 3, 4, 5, 6, 7, 8, 9, 14, 15, 21, 25, 28, 30, 31, 33, 34, 35, 38, 39, 40, 41, 43, 44, 45, 46, 47, 51, 55, 57]",22,5,57.68879459263699,R$180,10,83328340,219.0,Real Bed,10,10,100,15583805,https://www.airbnb.com.br/rooms/15583805,10,1.0,Entire home/apt
True,10,2,10,True,"[1, 3, 4, 5, 8, 12, 14, 17, 19, 21, 28, 33, 35, 37, 39, 40, 41, 44, 45, 46, 49, 50]",79,4,17.947624984375953,R$56,10,674228,0.0,Real Bed,10,10,97,137999,https://www.airbnb.com.br/rooms/137999,10,1.0,Private room
True,,16,,False,"[1, 3, 4, 5, 8, 14, 16, 28, 31, 32, 33, 34, 37, 39, 40, 42, 45, 46, 47]",0,5,19.229598197545663,R$60,,116084800,1068.0,Real Bed,,,,17780462,https://www.airbnb.com.br/rooms/17780462,,1.0,Entire home/apt
False,10,4,9,False,"[1, 3, 4, 8, 31, 33, 39, 40]",24,4,27.241930779856354,R$85,10,15830159,662.5,Real Bed,10,10,94,6933810,https://www.airbnb.com.br/rooms/6933810,10,1.0,Entire home/apt
True,10,3,10,True,"[1, 2, 3, 4, 5, 6, 7, 8, 9, 14, 15, 21, 25, 28, 30, 31, 32, 33, 34, 35, 36, 38, 39, 40, 41, 43, 44, 45, 46, 47, 57]",31,4,62.496194142023406,R$195,10,84790557,688.0,Real Bed,10,10,99,14093251,https://www.airbnb.com.br/rooms/14093251,10,1.0,Entire home/apt
True,10,3,10,False,"[8, 33, 35, 39, 40, 41, 42, 44, 45, 46, 47, 49, 50]",2,5,22.43453123046994,R$70,10,116816469,173.0,Real Bed,10,10,100,17310343,https://www.airbnb.com.br/rooms/17310343,10,1.0,Entire home/apt
